PromotionID,PromotionName,DiscountRate
3,Promo 3,0.4898029979
9,Promo 9,0.3116645843
4,Promo 4,0.0545149465
6,Promo 6,0.4152233353
8,Promo 8,0.145243549
2,Promo 2,0.0522331217
5,Promo 5,0.0799725181
1,Promo 1,0.1152946291
7,Promo 7,0.1869334968
10,Promo 10,0.2518227298
