ShippingID,Method,Cost
4,International,48.4552753464
2,Express,15.6367431322
5,Free,8.480499653
1,Standard,18.3163143624
3,Overnight,46.2897676824
